"date";"location";"value"
2020-03-01 00:00:00;SAFK (oblasť Šafárikovho Námestia pri UK);6
2020-03-01 00:00:00;ZMCK (oblasť rohu Židovskej a Kapucínskej ulice);20
2020-03-01 00:00:00;NSLO (oblasť parku Námestia Slobody);2
2020-03-01 00:00:00;PAMV (oblasť Pamätníka Víťazstva a pred SND);48
2020-03-01 00:00:00;RIGL (oblasť Rigeleho a Rázusovho Nábrežia);9
2020-03-01 00:00:00;KNPM (oblasť Jedlíkovej ulice);0
2020-03-01 00:00:00;KOLN (oblasť spodnej časti Kollárovho námestia);7
2020-03-01 00:00:00;KLOB (oblasť Klobučníckej a Námestia SNP pred Starou Tržnicou);20
2020-03-01 00:00:00;RBNN (oblasť Rybného Námestia);45
2020-03-01 00:00:00;VNTU (oblasť križovania ulíc Ventúrska-Michalská-Sedlárska);7
2020-03-01 00:00:00;NLST (oblasť Námestia Ľudovíta Štúra);13
2020-03-01 00:00:00;HLVN (oblasť Hlavného Námestia, Františkánskeho Námestia a Starej Radnice);26
2020-03-01 00:00:00;OBCH ( oblasť Obchodná ulica stred);3
2020-03-01 00:00:00;OSPR (oblasť  Osobného prístavu a pred SNM);1
2020-03-01 00:00:00;NSNP (oblasť Námestia SNP);8
2020-03-01 00:00:00;POST (oblasť križovania ulíc Poštová - Obchodná);4
2020-03-01 00:00:00;FJNN (oblasť Fajnorovho Nábrežia pred SPŠS);1
2020-03-01 00:00:00;ZIDO (oblasť Židovskej ulice pri dobrom pastierovi);16
2020-03-01 00:00:00;HVZN (oblasť Hviezdoslavovho Námestia v okolí ambasády USA);17
2020-03-01 00:00:00;HURN (oblasť Hurbanovho námestia);12
2020-03-02 00:00:00;RIGL (oblasť Rigeleho a Rázusovho Nábrežia);17
2020-03-02 00:00:00;PAMV (oblasť Pamätníka Víťazstva a pred SND);46
2020-03-02 00:00:00;OSPR (oblasť  Osobného prístavu a pred SNM);1
2020-03-02 00:00:00;KOLN (oblasť spodnej časti Kollárovho námestia);14
2020-03-02 00:00:00;KLOB (oblasť Klobučníckej a Námestia SNP pred Starou Tržnicou);31
2020-03-02 00:00:00;RBNN (oblasť Rybného Námestia);24
2020-03-02 00:00:00;OBCH ( oblasť Obchodná ulica stred);7
2020-03-02 00:00:00;HLVN (oblasť Hlavného Námestia, Františkánskeho Námestia a Starej Radnice);9
2020-03-02 00:00:00;KNPM (oblasť Jedlíkovej ulice);3
2020-03-02 00:00:00;NSNP (oblasť Námestia SNP);8
2020-03-02 00:00:00;POST (oblasť križovania ulíc Poštová - Obchodná);12
2020-03-02 00:00:00;VNTU (oblasť križovania ulíc Ventúrska-Michalská-Sedlárska);3
2020-03-02 00:00:00;ZIDO (oblasť Židovskej ulice pri dobrom pastierovi);9
2020-03-02 00:00:00;NLST (oblasť Námestia Ľudovíta Štúra);16
2020-03-02 00:00:00;HVZN (oblasť Hviezdoslavovho Námestia v okolí ambasády USA);14
2020-03-02 00:00:00;HURN (oblasť Hurbanovho námestia);11
2020-03-02 00:00:00;ZMCK (oblasť rohu Židovskej a Kapucínskej ulice);33
2020-03-02 00:00:00;SAFK (oblasť Šafárikovho Námestia pri UK);12
2020-03-02 00:00:00;NSLO (oblasť parku Námestia Slobody);2
2020-03-02 00:00:00;FJNN (oblasť Fajnorovho Nábrežia pred SPŠS);2
2020-03-03 00:00:00;ZIDO (oblasť Židovskej ulice pri dobrom pastierovi);6
2020-03-03 00:00:00;HVZN (oblasť Hviezdoslavovho Námestia v okolí ambasády USA);19
2020-03-03 00:00:00;NLST (oblasť Námestia Ľudovíta Štúra);12
2020-03-03 00:00:00;HURN (oblasť Hurbanovho námestia);18
2020-03-03 00:00:00;OSPR (oblasť  Osobného prístavu a pred SNM);3
2020-03-03 00:00:00;ZMCK (oblasť rohu Židovskej a Kapucínskej ulice);9
2020-03-03 00:00:00;SAFK (oblasť Šafárikovho Námestia pri UK);13
2020-03-03 00:00:00;RIGL (oblasť Rigeleho a Rázusovho Nábrežia);4
2020-03-03 00:00:00;PAMV (oblasť Pamätníka Víťazstva a pred SND);20
2020-03-03 00:00:00;RBNN (oblasť Rybného Námestia);14
2020-03-03 00:00:00;KOLN (oblasť spodnej časti Kollárovho námestia);20
2020-03-03 00:00:00;KLOB (oblasť Klobučníckej a Námestia SNP pred Starou Tržnicou);16
2020-03-03 00:00:00;HLVN (oblasť Hlavného Námestia, Františkánskeho Námestia a Starej Radnice);11
2020-03-03 00:00:00;OBCH ( oblasť Obchodná ulica stred);6
2020-03-03 00:00:00;NSNP (oblasť Námestia SNP);4
2020-03-03 00:00:00;POST (oblasť križovania ulíc Poštová - Obchodná);8
2020-03-03 00:00:00;VNTU (oblasť križovania ulíc Ventúrska-Michalská-Sedlárska);12
2020-03-03 00:00:00;NSLO (oblasť parku Námestia Slobody);4
2020-03-03 00:00:00;FJNN (oblasť Fajnorovho Nábrežia pred SPŠS);0
2020-03-03 00:00:00;KNPM (oblasť Jedlíkovej ulice);0
2020-03-04 00:00:00;ZMCK (oblasť rohu Židovskej a Kapucínskej ulice);10
2020-03-04 00:00:00;POST (oblasť križovania ulíc Poštová - Obchodná);7
2020-03-04 00:00:00;HURN (oblasť Hurbanovho námestia);19
2020-03-04 00:00:00;PAMV (oblasť Pamätníka Víťazstva a pred SND);16
2020-03-04 00:00:00;RIGL (oblasť Rigeleho a Rázusovho Nábrežia);9
2020-03-04 00:00:00;NSNP (oblasť Námestia SNP);12
2020-03-04 00:00:00;KOLN (oblasť spodnej časti Kollárovho námestia);10
2020-03-04 00:00:00;KLOB (oblasť Klobučníckej a Námestia SNP pred Starou Tržnicou);26
2020-03-04 00:00:00;RBNN (oblasť Rybného Námestia);19
2020-03-04 00:00:00;KNPM (oblasť Jedlíkovej ulice);3
2020-03-04 00:00:00;OSPR (oblasť  Osobného prístavu a pred SNM);3
2020-03-04 00:00:00;FJNN (oblasť Fajnorovho Nábrežia pred SPŠS);1
2020-03-04 00:00:00;SAFK (oblasť Šafárikovho Námestia pri UK);7
2020-03-04 00:00:00;ZIDO (oblasť Židovskej ulice pri dobrom pastierovi);10
2020-03-04 00:00:00;HVZN (oblasť Hviezdoslavovho Námestia v okolí ambasády USA);12
2020-03-04 00:00:00;NLST (oblasť Námestia Ľudovíta Štúra);15
2020-03-04 00:00:00;OBCH ( oblasť Obchodná ulica stred);13
2020-03-04 00:00:00;NSLO (oblasť parku Námestia Slobody);10
2020-03-04 00:00:00;HLVN (oblasť Hlavného Námestia, Františkánskeho Námestia a Starej Radnice);11
2020-03-04 00:00:00;VNTU (oblasť križovania ulíc Ventúrska-Michalská-Sedlárska);2
2020-03-05 00:00:00;NSLO (oblasť parku Námestia Slobody);4
2020-03-05 00:00:00;RBNN (oblasť Rybného Námestia);33
2020-03-05 00:00:00;ZIDO (oblasť Židovskej ulice pri dobrom pastierovi);8
2020-03-05 00:00:00;NLST (oblasť Námestia Ľudovíta Štúra);12
2020-03-05 00:00:00;HVZN (oblasť Hviezdoslavovho Námestia v okolí ambasády USA);11
2020-03-05 00:00:00;HLVN (oblasť Hlavného Námestia, Františkánskeho Námestia a Starej Radnice);14
2020-03-05 00:00:00;ZMCK (oblasť rohu Židovskej a Kapucínskej ulice);18
2020-03-05 00:00:00;POST (oblasť križovania ulíc Poštová - Obchodná);16
2020-03-05 00:00:00;KNPM (oblasť Jedlíkovej ulice);0
2020-03-05 00:00:00;HURN (oblasť Hurbanovho námestia);18
2020-03-05 00:00:00;VNTU (oblasť križovania ulíc Ventúrska-Michalská-Sedlárska);5
2020-03-05 00:00:00;PAMV (oblasť Pamätníka Víťazstva a pred SND);25
2020-03-05 00:00:00;RIGL (oblasť Rigeleho a Rázusovho Nábrežia);16
2020-03-05 00:00:00;OSPR (oblasť  Osobného prístavu a pred SNM);3
2020-03-05 00:00:00;NSNP (oblasť Námestia SNP);7
2020-03-05 00:00:00;KOLN (oblasť spodnej časti Kollárovho námestia);11
2020-03-05 00:00:00;KLOB (oblasť Klobučníckej a Námestia SNP pred Starou Tržnicou);30
2020-03-05 00:00:00;SAFK (oblasť Šafárikovho Námestia pri UK);13
2020-03-05 00:00:00;FJNN (oblasť Fajnorovho Nábrežia pred SPŠS);5
2020-03-05 00:00:00;OBCH ( oblasť Obchodná ulica stred);13
2020-03-06 00:00:00;NLST (oblasť Námestia Ľudovíta Štúra);8
2020-03-06 00:00:00;VNTU (oblasť križovania ulíc Ventúrska-Michalská-Sedlárska);13
2020-03-06 00:00:00;PAMV (oblasť Pamätníka Víťazstva a pred SND);23
2020-03-06 00:00:00;NSLO (oblasť parku Námestia Slobody);0
2020-03-06 00:00:00;SAFK (oblasť Šafárikovho Námestia pri UK);6
2020-03-06 00:00:00;HVZN (oblasť Hviezdoslavovho Námestia v okolí ambasády USA);16
2020-03-06 00:00:00;KNPM (oblasť Jedlíkovej ulice);2
2020-03-06 00:00:00;OBCH ( oblasť Obchodná ulica stred);10
2020-03-06 00:00:00;HURN (oblasť Hurbanovho námestia);15
2020-03-06 00:00:00;RIGL (oblasť Rigeleho a Rázusovho Nábrežia);10
2020-03-06 00:00:00;OSPR (oblasť  Osobného prístavu a pred SNM);6
2020-03-06 00:00:00;POST (oblasť križovania ulíc Poštová - Obchodná);21
2020-03-06 00:00:00;NSNP (oblasť Námestia SNP);9
2020-03-06 00:00:00;KOLN (oblasť spodnej časti Kollárovho námestia);24
2020-03-06 00:00:00;KLOB (oblasť Klobučníckej a Námestia SNP pred Starou Tržnicou);20
2020-03-06 00:00:00;RBNN (oblasť Rybného Námestia);18
2020-03-06 00:00:00;FJNN (oblasť Fajnorovho Nábrežia pred SPŠS);0
2020-03-06 00:00:00;HLVN (oblasť Hlavného Námestia, Františkánskeho Námestia a Starej Radnice);28
2020-03-06 00:00:00;ZMCK (oblasť rohu Židovskej a Kapucínskej ulice);7
2020-03-06 00:00:00;ZIDO (oblasť Židovskej ulice pri dobrom pastierovi);12
2020-03-07 00:00:00;FJNN (oblasť Fajnorovho Nábrežia pred SPŠS);5
2020-03-07 00:00:00;ZMCK (oblasť rohu Židovskej a Kapucínskej ulice);17
2020-03-07 00:00:00;ZIDO (oblasť Židovskej ulice pri dobrom pastierovi);14
2020-03-07 00:00:00;HLVN (oblasť Hlavného Námestia, Františkánskeho Námestia a Starej Radnice);35
2020-03-07 00:00:00;KOLN (oblasť spodnej časti Kollárovho námestia);15
2020-03-07 00:00:00;KLOB (oblasť Klobučníckej a Námestia SNP pred Starou Tržnicou);49
2020-03-07 00:00:00;RBNN (oblasť Rybného Námestia);46
2020-03-07 00:00:00;NLST (oblasť Námestia Ľudovíta Štúra);8
2020-03-07 00:00:00;OBCH ( oblasť Obchodná ulica stred);17
2020-03-07 00:00:00;HURN (oblasť Hurbanovho námestia);29
2020-03-07 00:00:00;KNPM (oblasť Jedlíkovej ulice);0
2020-03-07 00:00:00;PAMV (oblasť Pamätníka Víťazstva a pred SND);39
2020-03-07 00:00:00;OSPR (oblasť  Osobného prístavu a pred SNM);8
2020-03-07 00:00:00;NSLO (oblasť parku Námestia Slobody);1
2020-03-07 00:00:00;POST (oblasť križovania ulíc Poštová - Obchodná);15
2020-03-07 00:00:00;SAFK (oblasť Šafárikovho Námestia pri UK);7
2020-03-07 00:00:00;HVZN (oblasť Hviezdoslavovho Námestia v okolí ambasády USA);17
2020-03-07 00:00:00;VNTU (oblasť križovania ulíc Ventúrska-Michalská-Sedlárska);9
2020-03-07 00:00:00;RIGL (oblasť Rigeleho a Rázusovho Nábrežia);17
2020-03-07 00:00:00;NSNP (oblasť Námestia SNP);13
2020-03-08 00:00:00;NSLO (oblasť parku Námestia Slobody);5
2020-03-08 00:00:00;KOLN (oblasť spodnej časti Kollárovho námestia);14
2020-03-08 00:00:00;KLOB (oblasť Klobučníckej a Námestia SNP pred Starou Tržnicou);47
2020-03-08 00:00:00;RBNN (oblasť Rybného Námestia);44
2020-03-08 00:00:00;NLST (oblasť Námestia Ľudovíta Štúra);21
2020-03-08 00:00:00;ZIDO (oblasť Židovskej ulice pri dobrom pastierovi);15
2020-03-08 00:00:00;OBCH ( oblasť Obchodná ulica stred);6
2020-03-08 00:00:00;HURN (oblasť Hurbanovho námestia);35
2020-03-08 00:00:00;POST (oblasť križovania ulíc Poštová - Obchodná);14
2020-03-08 00:00:00;SAFK (oblasť Šafárikovho Námestia pri UK);12
2020-03-08 00:00:00;HVZN (oblasť Hviezdoslavovho Námestia v okolí ambasády USA);27
2020-03-08 00:00:00;FJNN (oblasť Fajnorovho Nábrežia pred SPŠS);30
2020-03-08 00:00:00;PAMV (oblasť Pamätníka Víťazstva a pred SND);76
2020-03-08 00:00:00;VNTU (oblasť križovania ulíc Ventúrska-Michalská-Sedlárska);15
2020-03-08 00:00:00;KNPM (oblasť Jedlíkovej ulice);1
2020-03-08 00:00:00;OSPR (oblasť  Osobného prístavu a pred SNM);5
2020-03-08 00:00:00;NSNP (oblasť Námestia SNP);9
2020-03-08 00:00:00;ZMCK (oblasť rohu Židovskej a Kapucínskej ulice);17
2020-03-08 00:00:00;RIGL (oblasť Rigeleho a Rázusovho Nábrežia);20
2020-03-08 00:00:00;HLVN (oblasť Hlavného Námestia, Františkánskeho Námestia a Starej Radnice);26
2020-03-09 00:00:00;POST (oblasť križovania ulíc Poštová - Obchodná);12
2020-03-09 00:00:00;SAFK (oblasť Šafárikovho Námestia pri UK);9
2020-03-09 00:00:00;NLST (oblasť Námestia Ľudovíta Štúra);10
2020-03-09 00:00:00;HVZN (oblasť Hviezdoslavovho Námestia v okolí ambasády USA);13
2020-03-09 00:00:00;PAMV (oblasť Pamätníka Víťazstva a pred SND);32
2020-03-09 00:00:00;VNTU (oblasť križovania ulíc Ventúrska-Michalská-Sedlárska);9
2020-03-09 00:00:00;OSPR (oblasť  Osobného prístavu a pred SNM);3
2020-03-09 00:00:00;HLVN (oblasť Hlavného Námestia, Františkánskeho Námestia a Starej Radnice);26
2020-03-09 00:00:00;KNPM (oblasť Jedlíkovej ulice);1
2020-03-09 00:00:00;NSNP (oblasť Námestia SNP);5
2020-03-09 00:00:00;ZMCK (oblasť rohu Židovskej a Kapucínskej ulice);20
2020-03-09 00:00:00;RIGL (oblasť Rigeleho a Rázusovho Nábrežia);14
2020-03-09 00:00:00;NSLO (oblasť parku Námestia Slobody);2
2020-03-09 00:00:00;KOLN (oblasť spodnej časti Kollárovho námestia);10
2020-03-09 00:00:00;KLOB (oblasť Klobučníckej a Námestia SNP pred Starou Tržnicou);21
2020-03-09 00:00:00;RBNN (oblasť Rybného Námestia);37
2020-03-09 00:00:00;OBCH ( oblasť Obchodná ulica stred);7
2020-03-09 00:00:00;HURN (oblasť Hurbanovho námestia);11
2020-03-09 00:00:00;ZIDO (oblasť Židovskej ulice pri dobrom pastierovi);10
2020-03-09 00:00:00;FJNN (oblasť Fajnorovho Nábrežia pred SPŠS);0
2020-03-10 00:00:00;OBCH ( oblasť Obchodná ulica stred);3
2020-03-10 00:00:00;HURN (oblasť Hurbanovho námestia);11
2020-03-10 00:00:00;OSPR (oblasť  Osobného prístavu a pred SNM);3
2020-03-10 00:00:00;ZMCK (oblasť rohu Židovskej a Kapucínskej ulice);16
2020-03-10 00:00:00;RIGL (oblasť Rigeleho a Rázusovho Nábrežia);12
2020-03-10 00:00:00;KLOB (oblasť Klobučníckej a Námestia SNP pred Starou Tržnicou);14
2020-03-10 00:00:00;HLVN (oblasť Hlavného Námestia, Františkánskeho Námestia a Starej Radnice);20
2020-03-10 00:00:00;RBNN (oblasť Rybného Námestia);27
2020-03-10 00:00:00;KOLN (oblasť spodnej časti Kollárovho námestia);17
2020-03-10 00:00:00;ZIDO (oblasť Židovskej ulice pri dobrom pastierovi);10
2020-03-10 00:00:00;PAMV (oblasť Pamätníka Víťazstva a pred SND);29
2020-03-10 00:00:00;VNTU (oblasť križovania ulíc Ventúrska-Michalská-Sedlárska);4
2020-03-10 00:00:00;NSLO (oblasť parku Námestia Slobody);4
2020-03-10 00:00:00;NSNP (oblasť Námestia SNP);2
2020-03-10 00:00:00;POST (oblasť križovania ulíc Poštová - Obchodná);8
2020-03-10 00:00:00;SAFK (oblasť Šafárikovho Námestia pri UK);6
2020-03-10 00:00:00;NLST (oblasť Námestia Ľudovíta Štúra);8
2020-03-10 00:00:00;HVZN (oblasť Hviezdoslavovho Námestia v okolí ambasády USA);15
2020-03-10 00:00:00;KNPM (oblasť Jedlíkovej ulice);1
2020-03-10 00:00:00;FJNN (oblasť Fajnorovho Nábrežia pred SPŠS);0
2020-03-11 00:00:00;KNPM (oblasť Jedlíkovej ulice);2
2020-03-11 00:00:00;ZMCK (oblasť rohu Židovskej a Kapucínskej ulice);12
2020-03-11 00:00:00;VNTU (oblasť križovania ulíc Ventúrska-Michalská-Sedlárska);7
2020-03-11 00:00:00;KOLN (oblasť spodnej časti Kollárovho námestia);8
2020-03-11 00:00:00;NSNP (oblasť Námestia SNP);7
2020-03-11 00:00:00;SAFK (oblasť Šafárikovho Námestia pri UK);9
2020-03-11 00:00:00;NLST (oblasť Námestia Ľudovíta Štúra);10
2020-03-11 00:00:00;ZIDO (oblasť Židovskej ulice pri dobrom pastierovi);14
2020-03-11 00:00:00;OBCH ( oblasť Obchodná ulica stred);11
2020-03-11 00:00:00;PAMV (oblasť Pamätníka Víťazstva a pred SND);31
2020-03-11 00:00:00;OSPR (oblasť  Osobného prístavu a pred SNM);2
2020-03-11 00:00:00;RBNN (oblasť Rybného Námestia);26
2020-03-11 00:00:00;POST (oblasť križovania ulíc Poštová - Obchodná);12
2020-03-11 00:00:00;HVZN (oblasť Hviezdoslavovho Námestia v okolí ambasády USA);12
2020-03-11 00:00:00;HURN (oblasť Hurbanovho námestia);12
2020-03-11 00:00:00;RIGL (oblasť Rigeleho a Rázusovho Nábrežia);11
2020-03-11 00:00:00;NSLO (oblasť parku Námestia Slobody);3
2020-03-11 00:00:00;KLOB (oblasť Klobučníckej a Námestia SNP pred Starou Tržnicou);15
2020-03-11 00:00:00;HLVN (oblasť Hlavného Námestia, Františkánskeho Námestia a Starej Radnice);24
2020-03-11 00:00:00;FJNN (oblasť Fajnorovho Nábrežia pred SPŠS);2
2020-03-12 00:00:00;KOLN (oblasť spodnej časti Kollárovho námestia);14
2020-03-12 00:00:00;KLOB (oblasť Klobučníckej a Námestia SNP pred Starou Tržnicou);16
2020-03-12 00:00:00;NSNP (oblasť Námestia SNP);5
2020-03-12 00:00:00;SAFK (oblasť Šafárikovho Námestia pri UK);3
2020-03-12 00:00:00;HLVN (oblasť Hlavného Námestia, Františkánskeho Námestia a Starej Radnice);15
2020-03-12 00:00:00;NLST (oblasť Námestia Ľudovíta Štúra);13
2020-03-12 00:00:00;PAMV (oblasť Pamätníka Víťazstva a pred SND);31
2020-03-12 00:00:00;OSPR (oblasť  Osobného prístavu a pred SNM);4
2020-03-12 00:00:00;RBNN (oblasť Rybného Námestia);23
2020-03-12 00:00:00;HVZN (oblasť Hviezdoslavovho Námestia v okolí ambasády USA);30
2020-03-12 00:00:00;KNPM (oblasť Jedlíkovej ulice);1
2020-03-12 00:00:00;HURN (oblasť Hurbanovho námestia);15
2020-03-12 00:00:00;RIGL (oblasť Rigeleho a Rázusovho Nábrežia);7
2020-03-12 00:00:00;FJNN (oblasť Fajnorovho Nábrežia pred SPŠS);3
2020-03-12 00:00:00;POST (oblasť križovania ulíc Poštová - Obchodná);8
2020-03-12 00:00:00;ZMCK (oblasť rohu Židovskej a Kapucínskej ulice);8
2020-03-12 00:00:00;OBCH ( oblasť Obchodná ulica stred);7
2020-03-12 00:00:00;VNTU (oblasť križovania ulíc Ventúrska-Michalská-Sedlárska);8
2020-03-12 00:00:00;ZIDO (oblasť Židovskej ulice pri dobrom pastierovi);9
2020-03-12 00:00:00;NSLO (oblasť parku Námestia Slobody);2
2020-03-13 00:00:00;RBNN (oblasť Rybného Námestia);5
2020-03-13 00:00:00;NSNP (oblasť Námestia SNP);0
2020-03-13 00:00:00;HURN (oblasť Hurbanovho námestia);2
2020-03-13 00:00:00;RIGL (oblasť Rigeleho a Rázusovho Nábrežia);3
2020-03-13 00:00:00;OSPR (oblasť  Osobného prístavu a pred SNM);1
2020-03-13 00:00:00;HVZN (oblasť Hviezdoslavovho Námestia v okolí ambasády USA);2
2020-03-13 00:00:00;POST (oblasť križovania ulíc Poštová - Obchodná);6
2020-03-13 00:00:00;NLST (oblasť Námestia Ľudovíta Štúra);6
2020-03-13 00:00:00;ZIDO (oblasť Židovskej ulice pri dobrom pastierovi);1
2020-03-13 00:00:00;OBCH ( oblasť Obchodná ulica stred);0
2020-03-13 00:00:00;PAMV (oblasť Pamätníka Víťazstva a pred SND);6
2020-03-13 00:00:00;KOLN (oblasť spodnej časti Kollárovho námestia);2
2020-03-13 00:00:00;KLOB (oblasť Klobučníckej a Námestia SNP pred Starou Tržnicou);9
2020-03-13 00:00:00;SAFK (oblasť Šafárikovho Námestia pri UK);4
2020-03-13 00:00:00;HLVN (oblasť Hlavného Námestia, Františkánskeho Námestia a Starej Radnice);7
2020-03-13 00:00:00;NSLO (oblasť parku Námestia Slobody);4
2020-03-13 00:00:00;ZMCK (oblasť rohu Židovskej a Kapucínskej ulice);2
2020-03-13 00:00:00;KNPM (oblasť Jedlíkovej ulice);1
2020-03-13 00:00:00;VNTU (oblasť križovania ulíc Ventúrska-Michalská-Sedlárska);2
2020-03-13 00:00:00;FJNN (oblasť Fajnorovho Nábrežia pred SPŠS);0
2020-03-14 00:00:00;HURN (oblasť Hurbanovho námestia);1
2020-03-14 00:00:00;RIGL (oblasť Rigeleho a Rázusovho Nábrežia);1
2020-03-14 00:00:00;KNPM (oblasť Jedlíkovej ulice);0
2020-03-14 00:00:00;POST (oblasť križovania ulíc Poštová - Obchodná);3
2020-03-14 00:00:00;HVZN (oblasť Hviezdoslavovho Námestia v okolí ambasády USA);3
2020-03-14 00:00:00;ZIDO (oblasť Židovskej ulice pri dobrom pastierovi);0
2020-03-14 00:00:00;OBCH ( oblasť Obchodná ulica stred);2
2020-03-14 00:00:00;PAMV (oblasť Pamätníka Víťazstva a pred SND);2
2020-03-14 00:00:00;KOLN (oblasť spodnej časti Kollárovho námestia);4
2020-03-14 00:00:00;KLOB (oblasť Klobučníckej a Námestia SNP pred Starou Tržnicou);9
2020-03-14 00:00:00;HLVN (oblasť Hlavného Námestia, Františkánskeho Námestia a Starej Radnice);5
2020-03-14 00:00:00;ZMCK (oblasť rohu Židovskej a Kapucínskej ulice);8
2020-03-14 00:00:00;RBNN (oblasť Rybného Námestia);1
2020-03-14 00:00:00;NSNP (oblasť Námestia SNP);3
2020-03-14 00:00:00;FJNN (oblasť Fajnorovho Nábrežia pred SPŠS);1
2020-03-14 00:00:00;NLST (oblasť Námestia Ľudovíta Štúra);0
2020-03-14 00:00:00;OSPR (oblasť  Osobného prístavu a pred SNM);3
2020-03-14 00:00:00;NSLO (oblasť parku Námestia Slobody);0
2020-03-14 00:00:00;SAFK (oblasť Šafárikovho Námestia pri UK);2
2020-03-14 00:00:00;VNTU (oblasť križovania ulíc Ventúrska-Michalská-Sedlárska);0
2020-03-15 00:00:00;HVZN (oblasť Hviezdoslavovho Námestia v okolí ambasády USA);0
2020-03-15 00:00:00;RIGL (oblasť Rigeleho a Rázusovho Nábrežia);1
2020-03-15 00:00:00;PAMV (oblasť Pamätníka Víťazstva a pred SND);2
2020-03-15 00:00:00;NSNP (oblasť Námestia SNP);0
2020-03-15 00:00:00;OSPR (oblasť  Osobného prístavu a pred SNM);2
2020-03-15 00:00:00;HLVN (oblasť Hlavného Námestia, Františkánskeho Námestia a Starej Radnice);5
2020-03-15 00:00:00;ZMCK (oblasť rohu Židovskej a Kapucínskej ulice);2
2020-03-15 00:00:00;ZIDO (oblasť Židovskej ulice pri dobrom pastierovi);1
2020-03-15 00:00:00;OBCH ( oblasť Obchodná ulica stred);0
2020-03-15 00:00:00;RBNN (oblasť Rybného Námestia);2
2020-03-15 00:00:00;KNPM (oblasť Jedlíkovej ulice);0
2020-03-15 00:00:00;HURN (oblasť Hurbanovho námestia);1
2020-03-15 00:00:00;KLOB (oblasť Klobučníckej a Námestia SNP pred Starou Tržnicou);4
2020-03-15 00:00:00;VNTU (oblasť križovania ulíc Ventúrska-Michalská-Sedlárska);0
2020-03-15 00:00:00;NLST (oblasť Námestia Ľudovíta Štúra);0
2020-03-15 00:00:00;KOLN (oblasť spodnej časti Kollárovho námestia);1
2020-03-15 00:00:00;SAFK (oblasť Šafárikovho Námestia pri UK);1
2020-03-15 00:00:00;FJNN (oblasť Fajnorovho Nábrežia pred SPŠS);0
2020-03-15 00:00:00;POST (oblasť križovania ulíc Poštová - Obchodná);1
2020-03-15 00:00:00;NSLO (oblasť parku Námestia Slobody);3
2020-03-16 00:00:00;ZMCK (oblasť rohu Židovskej a Kapucínskej ulice);5
2020-03-16 00:00:00;ZIDO (oblasť Židovskej ulice pri dobrom pastierovi);0
2020-03-16 00:00:00;POST (oblasť križovania ulíc Poštová - Obchodná);1
2020-03-16 00:00:00;OBCH ( oblasť Obchodná ulica stred);2
2020-03-16 00:00:00;NSLO (oblasť parku Námestia Slobody);1
2020-03-16 00:00:00;RBNN (oblasť Rybného Námestia);2
2020-03-16 00:00:00;KOLN (oblasť spodnej časti Kollárovho námestia);2
2020-03-16 00:00:00;HLVN (oblasť Hlavného Námestia, Františkánskeho Námestia a Starej Radnice);2
2020-03-16 00:00:00;HURN (oblasť Hurbanovho námestia);3
2020-03-16 00:00:00;SAFK (oblasť Šafárikovho Námestia pri UK);3
2020-03-16 00:00:00;RIGL (oblasť Rigeleho a Rázusovho Nábrežia);0
2020-03-16 00:00:00;KLOB (oblasť Klobučníckej a Námestia SNP pred Starou Tržnicou);2
2020-03-16 00:00:00;HVZN (oblasť Hviezdoslavovho Námestia v okolí ambasády USA);0
2020-03-16 00:00:00;PAMV (oblasť Pamätníka Víťazstva a pred SND);1
2020-03-16 00:00:00;OSPR (oblasť  Osobného prístavu a pred SNM);0
2020-03-16 00:00:00;NLST (oblasť Námestia Ľudovíta Štúra);0
2020-03-16 00:00:00;NSNP (oblasť Námestia SNP);0
2020-03-16 00:00:00;VNTU (oblasť križovania ulíc Ventúrska-Michalská-Sedlárska);0
2020-03-16 00:00:00;FJNN (oblasť Fajnorovho Nábrežia pred SPŠS);1
2020-03-16 00:00:00;KNPM (oblasť Jedlíkovej ulice);1
2020-03-17 00:00:00;SAFK (oblasť Šafárikovho Námestia pri UK);1
2020-03-17 00:00:00;NLST (oblasť Námestia Ľudovíta Štúra);0
2020-03-17 00:00:00;OBCH ( oblasť Obchodná ulica stred);2
2020-03-17 00:00:00;RIGL (oblasť Rigeleho a Rázusovho Nábrežia);1
2020-03-17 00:00:00;HVZN (oblasť Hviezdoslavovho Námestia v okolí ambasády USA);0
2020-03-17 00:00:00;HURN (oblasť Hurbanovho námestia);3
2020-03-17 00:00:00;RBNN (oblasť Rybného Námestia);1
2020-03-17 00:00:00;VNTU (oblasť križovania ulíc Ventúrska-Michalská-Sedlárska);2
2020-03-17 00:00:00;OSPR (oblasť  Osobného prístavu a pred SNM);0
2020-03-17 00:00:00;ZMCK (oblasť rohu Židovskej a Kapucínskej ulice);4
2020-03-17 00:00:00;NSLO (oblasť parku Námestia Slobody);1
2020-03-17 00:00:00;HLVN (oblasť Hlavného Námestia, Františkánskeho Námestia a Starej Radnice);2
2020-03-17 00:00:00;PAMV (oblasť Pamätníka Víťazstva a pred SND);0
2020-03-17 00:00:00;KOLN (oblasť spodnej časti Kollárovho námestia);1
2020-03-17 00:00:00;ZIDO (oblasť Židovskej ulice pri dobrom pastierovi);1
2020-03-17 00:00:00;KLOB (oblasť Klobučníckej a Námestia SNP pred Starou Tržnicou);1
2020-03-17 00:00:00;POST (oblasť križovania ulíc Poštová - Obchodná);1
2020-03-17 00:00:00;NSNP (oblasť Námestia SNP);0
2020-03-17 00:00:00;KNPM (oblasť Jedlíkovej ulice);0
2020-03-17 00:00:00;FJNN (oblasť Fajnorovho Nábrežia pred SPŠS);0
2020-03-18 00:00:00;HURN (oblasť Hurbanovho námestia);0
2020-03-18 00:00:00;OBCH ( oblasť Obchodná ulica stred);2
2020-03-18 00:00:00;HVZN (oblasť Hviezdoslavovho Námestia v okolí ambasády USA);0
2020-03-18 00:00:00;ZMCK (oblasť rohu Židovskej a Kapucínskej ulice);1
2020-03-18 00:00:00;HLVN (oblasť Hlavného Námestia, Františkánskeho Námestia a Starej Radnice);4
2020-03-18 00:00:00;RIGL (oblasť Rigeleho a Rázusovho Nábrežia);0
2020-03-18 00:00:00;RBNN (oblasť Rybného Námestia);2
2020-03-18 00:00:00;ZIDO (oblasť Židovskej ulice pri dobrom pastierovi);0
2020-03-18 00:00:00;NSLO (oblasť parku Námestia Slobody);2
2020-03-18 00:00:00;SAFK (oblasť Šafárikovho Námestia pri UK);1
2020-03-18 00:00:00;PAMV (oblasť Pamätníka Víťazstva a pred SND);3
2020-03-18 00:00:00;KLOB (oblasť Klobučníckej a Námestia SNP pred Starou Tržnicou);3
2020-03-18 00:00:00;KOLN (oblasť spodnej časti Kollárovho námestia);2
2020-03-18 00:00:00;POST (oblasť križovania ulíc Poštová - Obchodná);0
2020-03-18 00:00:00;NLST (oblasť Námestia Ľudovíta Štúra);3
2020-03-18 00:00:00;OSPR (oblasť  Osobného prístavu a pred SNM);1
2020-03-18 00:00:00;NSNP (oblasť Námestia SNP);2
2020-03-18 00:00:00;FJNN (oblasť Fajnorovho Nábrežia pred SPŠS);0
2020-03-18 00:00:00;VNTU (oblasť križovania ulíc Ventúrska-Michalská-Sedlárska);0
2020-03-18 00:00:00;KNPM (oblasť Jedlíkovej ulice);0
2020-03-19 00:00:00;KLOB (oblasť Klobučníckej a Námestia SNP pred Starou Tržnicou);3
2020-03-19 00:00:00;ZIDO (oblasť Židovskej ulice pri dobrom pastierovi);0
2020-03-19 00:00:00;NSNP (oblasť Námestia SNP);0
2020-03-19 00:00:00;HVZN (oblasť Hviezdoslavovho Námestia v okolí ambasády USA);0
2020-03-19 00:00:00;RIGL (oblasť Rigeleho a Rázusovho Nábrežia);2
2020-03-19 00:00:00;RBNN (oblasť Rybného Námestia);3
2020-03-19 00:00:00;ZMCK (oblasť rohu Židovskej a Kapucínskej ulice);2
2020-03-19 00:00:00;KNPM (oblasť Jedlíkovej ulice);0
2020-03-19 00:00:00;OBCH ( oblasť Obchodná ulica stred);3
2020-03-19 00:00:00;SAFK (oblasť Šafárikovho Námestia pri UK);2
2020-03-19 00:00:00;PAMV (oblasť Pamätníka Víťazstva a pred SND);1
2020-03-19 00:00:00;KOLN (oblasť spodnej časti Kollárovho námestia);1
2020-03-19 00:00:00;NSLO (oblasť parku Námestia Slobody);0
2020-03-19 00:00:00;POST (oblasť križovania ulíc Poštová - Obchodná);3
2020-03-19 00:00:00;HURN (oblasť Hurbanovho námestia);0
2020-03-19 00:00:00;OSPR (oblasť  Osobného prístavu a pred SNM);1
2020-03-19 00:00:00;HLVN (oblasť Hlavného Námestia, Františkánskeho Námestia a Starej Radnice);1
2020-03-19 00:00:00;NLST (oblasť Námestia Ľudovíta Štúra);0
2020-03-19 00:00:00;VNTU (oblasť križovania ulíc Ventúrska-Michalská-Sedlárska);0
2020-03-19 00:00:00;FJNN (oblasť Fajnorovho Nábrežia pred SPŠS);0
2020-03-20 00:00:00;ZIDO (oblasť Židovskej ulice pri dobrom pastierovi);1
2020-03-20 00:00:00;HVZN (oblasť Hviezdoslavovho Námestia v okolí ambasády USA);1
2020-03-20 00:00:00;KOLN (oblasť spodnej časti Kollárovho námestia);2
2020-03-20 00:00:00;OBCH ( oblasť Obchodná ulica stred);1
2020-03-20 00:00:00;RBNN (oblasť Rybného Námestia);0
2020-03-20 00:00:00;POST (oblasť križovania ulíc Poštová - Obchodná);1
2020-03-20 00:00:00;HLVN (oblasť Hlavného Námestia, Františkánskeho Námestia a Starej Radnice);2
2020-03-20 00:00:00;FJNN (oblasť Fajnorovho Nábrežia pred SPŠS);1
2020-03-20 00:00:00;ZMCK (oblasť rohu Židovskej a Kapucínskej ulice);3
2020-03-20 00:00:00;RIGL (oblasť Rigeleho a Rázusovho Nábrežia);2
2020-03-20 00:00:00;KLOB (oblasť Klobučníckej a Námestia SNP pred Starou Tržnicou);3
2020-03-20 00:00:00;VNTU (oblasť križovania ulíc Ventúrska-Michalská-Sedlárska);0
2020-03-20 00:00:00;SAFK (oblasť Šafárikovho Námestia pri UK);0
2020-03-20 00:00:00;OSPR (oblasť  Osobného prístavu a pred SNM);0
2020-03-20 00:00:00;NLST (oblasť Námestia Ľudovíta Štúra);0
2020-03-20 00:00:00;NSNP (oblasť Námestia SNP);2
2020-03-20 00:00:00;PAMV (oblasť Pamätníka Víťazstva a pred SND);0
2020-03-20 00:00:00;HURN (oblasť Hurbanovho námestia);1
2020-03-20 00:00:00;KNPM (oblasť Jedlíkovej ulice);0
2020-03-20 00:00:00;NSLO (oblasť parku Námestia Slobody);2
2020-03-21 00:00:00;RIGL (oblasť Rigeleho a Rázusovho Nábrežia);2
2020-03-21 00:00:00;VNTU (oblasť križovania ulíc Ventúrska-Michalská-Sedlárska);0
2020-03-21 00:00:00;OBCH ( oblasť Obchodná ulica stred);0
2020-03-21 00:00:00;HLVN (oblasť Hlavného Námestia, Františkánskeho Námestia a Starej Radnice);1
2020-03-21 00:00:00;ZIDO (oblasť Židovskej ulice pri dobrom pastierovi);0
2020-03-21 00:00:00;KOLN (oblasť spodnej časti Kollárovho námestia);3
2020-03-21 00:00:00;HURN (oblasť Hurbanovho námestia);0
2020-03-21 00:00:00;ZMCK (oblasť rohu Židovskej a Kapucínskej ulice);1
2020-03-21 00:00:00;RBNN (oblasť Rybného Námestia);0
2020-03-21 00:00:00;HVZN (oblasť Hviezdoslavovho Námestia v okolí ambasády USA);1
2020-03-21 00:00:00;POST (oblasť križovania ulíc Poštová - Obchodná);0
2020-03-21 00:00:00;PAMV (oblasť Pamätníka Víťazstva a pred SND);0
2020-03-21 00:00:00;SAFK (oblasť Šafárikovho Námestia pri UK);1
2020-03-21 00:00:00;NSNP (oblasť Námestia SNP);0
2020-03-21 00:00:00;KLOB (oblasť Klobučníckej a Námestia SNP pred Starou Tržnicou);1
2020-03-21 00:00:00;KNPM (oblasť Jedlíkovej ulice);0
2020-03-21 00:00:00;NLST (oblasť Námestia Ľudovíta Štúra);0
2020-03-21 00:00:00;NSLO (oblasť parku Námestia Slobody);0
2020-03-21 00:00:00;OSPR (oblasť  Osobného prístavu a pred SNM);0
2020-03-21 00:00:00;FJNN (oblasť Fajnorovho Nábrežia pred SPŠS);0
2020-03-22 00:00:00;KOLN (oblasť spodnej časti Kollárovho námestia);0
2020-03-22 00:00:00;OBCH ( oblasť Obchodná ulica stred);0
2020-03-22 00:00:00;ZMCK (oblasť rohu Židovskej a Kapucínskej ulice);2
2020-03-22 00:00:00;PAMV (oblasť Pamätníka Víťazstva a pred SND);1
2020-03-22 00:00:00;RIGL (oblasť Rigeleho a Rázusovho Nábrežia);1
2020-03-22 00:00:00;HVZN (oblasť Hviezdoslavovho Námestia v okolí ambasády USA);0
2020-03-22 00:00:00;ZIDO (oblasť Židovskej ulice pri dobrom pastierovi);0
2020-03-22 00:00:00;NSNP (oblasť Námestia SNP);0
2020-03-22 00:00:00;HLVN (oblasť Hlavného Námestia, Františkánskeho Námestia a Starej Radnice);3
2020-03-22 00:00:00;RBNN (oblasť Rybného Námestia);0
2020-03-22 00:00:00;KLOB (oblasť Klobučníckej a Námestia SNP pred Starou Tržnicou);1
2020-03-22 00:00:00;HURN (oblasť Hurbanovho námestia);0
2020-03-22 00:00:00;NSLO (oblasť parku Námestia Slobody);0
2020-03-22 00:00:00;VNTU (oblasť križovania ulíc Ventúrska-Michalská-Sedlárska);0
2020-03-22 00:00:00;KNPM (oblasť Jedlíkovej ulice);1
2020-03-22 00:00:00;NLST (oblasť Námestia Ľudovíta Štúra);1
2020-03-22 00:00:00;OSPR (oblasť  Osobného prístavu a pred SNM);0
2020-03-22 00:00:00;POST (oblasť križovania ulíc Poštová - Obchodná);2
2020-03-22 00:00:00;SAFK (oblasť Šafárikovho Námestia pri UK);1
2020-03-22 00:00:00;FJNN (oblasť Fajnorovho Nábrežia pred SPŠS);0
2020-03-23 00:00:00;HURN (oblasť Hurbanovho námestia);3
2020-03-23 00:00:00;KLOB (oblasť Klobučníckej a Námestia SNP pred Starou Tržnicou);1
2020-03-23 00:00:00;ZIDO (oblasť Židovskej ulice pri dobrom pastierovi);0
2020-03-23 00:00:00;HLVN (oblasť Hlavného Námestia, Františkánskeho Námestia a Starej Radnice);0
2020-03-23 00:00:00;HVZN (oblasť Hviezdoslavovho Námestia v okolí ambasády USA);0
2020-03-23 00:00:00;RIGL (oblasť Rigeleho a Rázusovho Nábrežia);0
2020-03-23 00:00:00;ZMCK (oblasť rohu Židovskej a Kapucínskej ulice);2
2020-03-23 00:00:00;OBCH ( oblasť Obchodná ulica stred);2
2020-03-23 00:00:00;RBNN (oblasť Rybného Námestia);0
2020-03-23 00:00:00;POST (oblasť križovania ulíc Poštová - Obchodná);1
2020-03-23 00:00:00;NSNP (oblasť Námestia SNP);0
2020-03-23 00:00:00;NSLO (oblasť parku Námestia Slobody);0
2020-03-23 00:00:00;PAMV (oblasť Pamätníka Víťazstva a pred SND);1
2020-03-23 00:00:00;KNPM (oblasť Jedlíkovej ulice);0
2020-03-23 00:00:00;KOLN (oblasť spodnej časti Kollárovho námestia);1
2020-03-23 00:00:00;OSPR (oblasť  Osobného prístavu a pred SNM);1
2020-03-23 00:00:00;SAFK (oblasť Šafárikovho Námestia pri UK);0
2020-03-23 00:00:00;NLST (oblasť Námestia Ľudovíta Štúra);0
2020-03-23 00:00:00;VNTU (oblasť križovania ulíc Ventúrska-Michalská-Sedlárska);1
2020-03-23 00:00:00;FJNN (oblasť Fajnorovho Nábrežia pred SPŠS);0
2020-03-24 00:00:00;KLOB (oblasť Klobučníckej a Námestia SNP pred Starou Tržnicou);0
2020-03-24 00:00:00;HVZN (oblasť Hviezdoslavovho Námestia v okolí ambasády USA);0
2020-03-24 00:00:00;HLVN (oblasť Hlavného Námestia, Františkánskeho Námestia a Starej Radnice);1
2020-03-24 00:00:00;PAMV (oblasť Pamätníka Víťazstva a pred SND);1
2020-03-24 00:00:00;FJNN (oblasť Fajnorovho Nábrežia pred SPŠS);0
2020-03-24 00:00:00;NSNP (oblasť Námestia SNP);1
2020-03-24 00:00:00;POST (oblasť križovania ulíc Poštová - Obchodná);0
2020-03-24 00:00:00;ZMCK (oblasť rohu Židovskej a Kapucínskej ulice);1
2020-03-24 00:00:00;OBCH ( oblasť Obchodná ulica stred);0
2020-03-24 00:00:00;RBNN (oblasť Rybného Námestia);1
2020-03-24 00:00:00;ZIDO (oblasť Židovskej ulice pri dobrom pastierovi);0
2020-03-24 00:00:00;SAFK (oblasť Šafárikovho Námestia pri UK);1
2020-03-24 00:00:00;KOLN (oblasť spodnej časti Kollárovho námestia);2
2020-03-24 00:00:00;RIGL (oblasť Rigeleho a Rázusovho Nábrežia);0
2020-03-24 00:00:00;NLST (oblasť Námestia Ľudovíta Štúra);1
2020-03-24 00:00:00;OSPR (oblasť  Osobného prístavu a pred SNM);1
2020-03-24 00:00:00;NSLO (oblasť parku Námestia Slobody);1
2020-03-24 00:00:00;HURN (oblasť Hurbanovho námestia);0
2020-03-24 00:00:00;KNPM (oblasť Jedlíkovej ulice);0
2020-03-24 00:00:00;VNTU (oblasť križovania ulíc Ventúrska-Michalská-Sedlárska);1
2020-03-25 00:00:00;KOLN (oblasť spodnej časti Kollárovho námestia);1
2020-03-25 00:00:00;SAFK (oblasť Šafárikovho Námestia pri UK);0
2020-03-25 00:00:00;OBCH ( oblasť Obchodná ulica stred);1
2020-03-25 00:00:00;KLOB (oblasť Klobučníckej a Námestia SNP pred Starou Tržnicou);0
2020-03-25 00:00:00;HVZN (oblasť Hviezdoslavovho Námestia v okolí ambasády USA);0
2020-03-25 00:00:00;ZMCK (oblasť rohu Židovskej a Kapucínskej ulice);2
2020-03-25 00:00:00;HURN (oblasť Hurbanovho námestia);0
2020-03-25 00:00:00;RIGL (oblasť Rigeleho a Rázusovho Nábrežia);1
2020-03-25 00:00:00;NSLO (oblasť parku Námestia Slobody);0
2020-03-25 00:00:00;NLST (oblasť Námestia Ľudovíta Štúra);1
2020-03-25 00:00:00;NSNP (oblasť Námestia SNP);0
2020-03-25 00:00:00;RBNN (oblasť Rybného Námestia);0
2020-03-25 00:00:00;ZIDO (oblasť Židovskej ulice pri dobrom pastierovi);0
2020-03-25 00:00:00;POST (oblasť križovania ulíc Poštová - Obchodná);0
2020-03-25 00:00:00;KNPM (oblasť Jedlíkovej ulice);0
2020-03-25 00:00:00;OSPR (oblasť  Osobného prístavu a pred SNM);0
2020-03-25 00:00:00;VNTU (oblasť križovania ulíc Ventúrska-Michalská-Sedlárska);0
2020-03-25 00:00:00;HLVN (oblasť Hlavného Námestia, Františkánskeho Námestia a Starej Radnice);0
2020-03-25 00:00:00;PAMV (oblasť Pamätníka Víťazstva a pred SND);0
2020-03-25 00:00:00;FJNN (oblasť Fajnorovho Nábrežia pred SPŠS);0
2020-03-26 00:00:00;ZMCK (oblasť rohu Židovskej a Kapucínskej ulice);3
2020-03-26 00:00:00;OBCH ( oblasť Obchodná ulica stred);2
2020-03-26 00:00:00;HVZN (oblasť Hviezdoslavovho Námestia v okolí ambasády USA);0
2020-03-26 00:00:00;POST (oblasť križovania ulíc Poštová - Obchodná);1
2020-03-26 00:00:00;KOLN (oblasť spodnej časti Kollárovho námestia);2
2020-03-26 00:00:00;ZIDO (oblasť Židovskej ulice pri dobrom pastierovi);0
2020-03-26 00:00:00;HLVN (oblasť Hlavného Námestia, Františkánskeho Námestia a Starej Radnice);1
2020-03-26 00:00:00;RIGL (oblasť Rigeleho a Rázusovho Nábrežia);0
2020-03-26 00:00:00;NLST (oblasť Námestia Ľudovíta Štúra);2
2020-03-26 00:00:00;RBNN (oblasť Rybného Námestia);0
2020-03-26 00:00:00;SAFK (oblasť Šafárikovho Námestia pri UK);0
2020-03-26 00:00:00;NSNP (oblasť Námestia SNP);0
2020-03-26 00:00:00;HURN (oblasť Hurbanovho námestia);0
2020-03-26 00:00:00;OSPR (oblasť  Osobného prístavu a pred SNM);0
2020-03-26 00:00:00;KLOB (oblasť Klobučníckej a Námestia SNP pred Starou Tržnicou);2
2020-03-26 00:00:00;PAMV (oblasť Pamätníka Víťazstva a pred SND);3
2020-03-26 00:00:00;VNTU (oblasť križovania ulíc Ventúrska-Michalská-Sedlárska);1
2020-03-26 00:00:00;NSLO (oblasť parku Námestia Slobody);0
2020-03-26 00:00:00;KNPM (oblasť Jedlíkovej ulice);0
2020-03-26 00:00:00;FJNN (oblasť Fajnorovho Nábrežia pred SPŠS);0
2020-03-27 00:00:00;KLOB (oblasť Klobučníckej a Námestia SNP pred Starou Tržnicou);4
2020-03-27 00:00:00;HURN (oblasť Hurbanovho námestia);0
2020-03-27 00:00:00;KNPM (oblasť Jedlíkovej ulice);0
2020-03-27 00:00:00;OBCH ( oblasť Obchodná ulica stred);0
2020-03-27 00:00:00;HVZN (oblasť Hviezdoslavovho Námestia v okolí ambasády USA);0
2020-03-27 00:00:00;RIGL (oblasť Rigeleho a Rázusovho Nábrežia);3
2020-03-27 00:00:00;POST (oblasť križovania ulíc Poštová - Obchodná);0
2020-03-27 00:00:00;NLST (oblasť Námestia Ľudovíta Štúra);0
2020-03-27 00:00:00;ZMCK (oblasť rohu Židovskej a Kapucínskej ulice);2
2020-03-27 00:00:00;VNTU (oblasť križovania ulíc Ventúrska-Michalská-Sedlárska);0
2020-03-27 00:00:00;HLVN (oblasť Hlavného Námestia, Františkánskeho Námestia a Starej Radnice);4
2020-03-27 00:00:00;KOLN (oblasť spodnej časti Kollárovho námestia);0
2020-03-27 00:00:00;RBNN (oblasť Rybného Námestia);2
2020-03-27 00:00:00;SAFK (oblasť Šafárikovho Námestia pri UK);2
2020-03-27 00:00:00;NSNP (oblasť Námestia SNP);2
2020-03-27 00:00:00;ZIDO (oblasť Židovskej ulice pri dobrom pastierovi);0
2020-03-27 00:00:00;FJNN (oblasť Fajnorovho Nábrežia pred SPŠS);3
2020-03-27 00:00:00;PAMV (oblasť Pamätníka Víťazstva a pred SND);2
2020-03-27 00:00:00;OSPR (oblasť  Osobného prístavu a pred SNM);1
2020-03-27 00:00:00;NSLO (oblasť parku Námestia Slobody);0
2020-03-28 00:00:00;SAFK (oblasť Šafárikovho Námestia pri UK);3
2020-03-28 00:00:00;OBCH ( oblasť Obchodná ulica stred);2
2020-03-28 00:00:00;OSPR (oblasť  Osobného prístavu a pred SNM);1
2020-03-28 00:00:00;HVZN (oblasť Hviezdoslavovho Námestia v okolí ambasády USA);0
2020-03-28 00:00:00;KOLN (oblasť spodnej časti Kollárovho námestia);1
2020-03-28 00:00:00;RIGL (oblasť Rigeleho a Rázusovho Nábrežia);3
2020-03-28 00:00:00;ZMCK (oblasť rohu Židovskej a Kapucínskej ulice);2
2020-03-28 00:00:00;NSNP (oblasť Námestia SNP);1
2020-03-28 00:00:00;HLVN (oblasť Hlavného Námestia, Františkánskeho Námestia a Starej Radnice);2
2020-03-28 00:00:00;FJNN (oblasť Fajnorovho Nábrežia pred SPŠS);1
2020-03-28 00:00:00;POST (oblasť križovania ulíc Poštová - Obchodná);4
2020-03-28 00:00:00;RBNN (oblasť Rybného Námestia);1
2020-03-28 00:00:00;ZIDO (oblasť Židovskej ulice pri dobrom pastierovi);0
2020-03-28 00:00:00;HURN (oblasť Hurbanovho námestia);3
2020-03-28 00:00:00;KLOB (oblasť Klobučníckej a Námestia SNP pred Starou Tržnicou);2
2020-03-28 00:00:00;NSLO (oblasť parku Námestia Slobody);1
2020-03-28 00:00:00;PAMV (oblasť Pamätníka Víťazstva a pred SND);0
2020-03-28 00:00:00;NLST (oblasť Námestia Ľudovíta Štúra);4
2020-03-28 00:00:00;VNTU (oblasť križovania ulíc Ventúrska-Michalská-Sedlárska);0
2020-03-28 00:00:00;KNPM (oblasť Jedlíkovej ulice);1
2020-03-29 00:00:00;OBCH ( oblasť Obchodná ulica stred);1
2020-03-29 00:00:00;HVZN (oblasť Hviezdoslavovho Námestia v okolí ambasády USA);1
2020-03-29 00:00:00;ZMCK (oblasť rohu Židovskej a Kapucínskej ulice);3
2020-03-29 00:00:00;RBNN (oblasť Rybného Námestia);3
2020-03-29 00:00:00;NSLO (oblasť parku Námestia Slobody);3
2020-03-29 00:00:00;ZIDO (oblasť Židovskej ulice pri dobrom pastierovi);0
2020-03-29 00:00:00;RIGL (oblasť Rigeleho a Rázusovho Nábrežia);0
2020-03-29 00:00:00;HURN (oblasť Hurbanovho námestia);1
2020-03-29 00:00:00;PAMV (oblasť Pamätníka Víťazstva a pred SND);1
2020-03-29 00:00:00;POST (oblasť križovania ulíc Poštová - Obchodná);0
2020-03-29 00:00:00;NLST (oblasť Námestia Ľudovíta Štúra);0
2020-03-29 00:00:00;HLVN (oblasť Hlavného Námestia, Františkánskeho Námestia a Starej Radnice);1
2020-03-29 00:00:00;SAFK (oblasť Šafárikovho Námestia pri UK);0
2020-03-29 00:00:00;KLOB (oblasť Klobučníckej a Námestia SNP pred Starou Tržnicou);2
2020-03-29 00:00:00;KOLN (oblasť spodnej časti Kollárovho námestia);3
2020-03-29 00:00:00;OSPR (oblasť  Osobného prístavu a pred SNM);0
2020-03-29 00:00:00;KNPM (oblasť Jedlíkovej ulice);0
2020-03-29 00:00:00;VNTU (oblasť križovania ulíc Ventúrska-Michalská-Sedlárska);0
2020-03-29 00:00:00;NSNP (oblasť Námestia SNP);0
2020-03-29 00:00:00;FJNN (oblasť Fajnorovho Nábrežia pred SPŠS);0
2020-03-30 00:00:00;HURN (oblasť Hurbanovho námestia);2
2020-03-30 00:00:00;ZMCK (oblasť rohu Židovskej a Kapucínskej ulice);0
2020-03-30 00:00:00;ZIDO (oblasť Židovskej ulice pri dobrom pastierovi);0
2020-03-30 00:00:00;RIGL (oblasť Rigeleho a Rázusovho Nábrežia);1
2020-03-30 00:00:00;PAMV (oblasť Pamätníka Víťazstva a pred SND);0
2020-03-30 00:00:00;RBNN (oblasť Rybného Námestia);0
2020-03-30 00:00:00;NLST (oblasť Námestia Ľudovíta Štúra);1
2020-03-30 00:00:00;OBCH ( oblasť Obchodná ulica stred);1
2020-03-30 00:00:00;HVZN (oblasť Hviezdoslavovho Námestia v okolí ambasády USA);2
2020-03-30 00:00:00;FJNN (oblasť Fajnorovho Nábrežia pred SPŠS);0
2020-03-30 00:00:00;OSPR (oblasť  Osobného prístavu a pred SNM);0
2020-03-30 00:00:00;HLVN (oblasť Hlavného Námestia, Františkánskeho Námestia a Starej Radnice);1
2020-03-30 00:00:00;KLOB (oblasť Klobučníckej a Námestia SNP pred Starou Tržnicou);1
2020-03-30 00:00:00;SAFK (oblasť Šafárikovho Námestia pri UK);1
2020-03-30 00:00:00;KOLN (oblasť spodnej časti Kollárovho námestia);1
2020-03-30 00:00:00;NSNP (oblasť Námestia SNP);1
2020-03-30 00:00:00;KNPM (oblasť Jedlíkovej ulice);0
2020-03-30 00:00:00;VNTU (oblasť križovania ulíc Ventúrska-Michalská-Sedlárska);0
2020-03-30 00:00:00;NSLO (oblasť parku Námestia Slobody);0
2020-03-30 00:00:00;POST (oblasť križovania ulíc Poštová - Obchodná);2
2020-03-31 00:00:00;ZMCK (oblasť rohu Židovskej a Kapucínskej ulice);1
2020-03-31 00:00:00;RBNN (oblasť Rybného Námestia);0
2020-03-31 00:00:00;ZIDO (oblasť Židovskej ulice pri dobrom pastierovi);0
2020-03-31 00:00:00;HLVN (oblasť Hlavného Námestia, Františkánskeho Námestia a Starej Radnice);0
2020-03-31 00:00:00;KOLN (oblasť spodnej časti Kollárovho námestia);2
2020-03-31 00:00:00;RIGL (oblasť Rigeleho a Rázusovho Nábrežia);0
2020-03-31 00:00:00;PAMV (oblasť Pamätníka Víťazstva a pred SND);2
2020-03-31 00:00:00;OBCH ( oblasť Obchodná ulica stred);1
2020-03-31 00:00:00;POST (oblasť križovania ulíc Poštová - Obchodná);1
2020-03-31 00:00:00;HVZN (oblasť Hviezdoslavovho Námestia v okolí ambasády USA);0
2020-03-31 00:00:00;HURN (oblasť Hurbanovho námestia);0
2020-03-31 00:00:00;NLST (oblasť Námestia Ľudovíta Štúra);3
2020-03-31 00:00:00;OSPR (oblasť  Osobného prístavu a pred SNM);0
2020-03-31 00:00:00;SAFK (oblasť Šafárikovho Námestia pri UK);2
2020-03-31 00:00:00;NSNP (oblasť Námestia SNP);1
2020-03-31 00:00:00;KLOB (oblasť Klobučníckej a Námestia SNP pred Starou Tržnicou);2
2020-03-31 00:00:00;VNTU (oblasť križovania ulíc Ventúrska-Michalská-Sedlárska);0
2020-03-31 00:00:00;NSLO (oblasť parku Námestia Slobody);1
2020-03-31 00:00:00;FJNN (oblasť Fajnorovho Nábrežia pred SPŠS);0
2020-03-31 00:00:00;KNPM (oblasť Jedlíkovej ulice);0
